,Date,Match Details,club,Player Name,MinsPlayed,TotalDistance(m),TopSpeed(km/h),AvgSpeed(km/h),HighIntensityActivity,Sprints(> 25.20 km/h)Dist (m),HSR(19.81-25.20 km/h)Dist (m),Distance (m)14.41-19.80km/h,7.21-14.40km/h,0.73-7.20km/h,< 0.72km/h,PDF Name,Young Player,Sprints(> 25.20 km/h) No,HSR(19.81-25.20 km/h) No,Key,season,lastName,firstName,Unnamed: 0,id,values,wages,contractexpires,nation,currentAbility,potentialAbility,position,date,aerialReach,commandofArea,communication,eccentricity,firstTouch,handling,kicking,oneonOnes,passing,punchingTendency,reflexes,rushingoutTendency,throwing,aggression,anticipation,bravery,composure,concentration,decisions,determination,flair,leadership,offtheBall,positioning,teamwork,vision,workRate,acceleration,agility,balance,jumpingReach,naturalFitness,pace,stamina,strength,freeKickTaking,penaltyTaking,technique
0,2020-07-11,Wisła Kraków 1 - 1 Korona Kielce,Wisła Kraków,Lis M.,98:01,"4421,99","23,17","2,71",5,"0,00","39,98","180,18","685,10","3432,52","84,21",12429_filter_live_1.pdf,False,0,5,2020-07-11 Wisła Kraków 1 - 1 Korona Kielce,2020/2021,Lis,M.,13,96075388,€ 23.000,€ 500,2021-06-30,Poland,52,62,GK,2020-11-23,14,12,12,6,10,13,11,13,11,16,14,13,11,5,11,11,8,9,10,13,5,12,6,11,10,11,9,11,12,12,17,10,11,8,10,7,3,9
1,2020-12-19,Lech Poznań 0 - 1 Wisła Kraków,Wisła Kraków,Lis M.,95:20,"5466,49","21,98","3,44",2,"0,00","14,89","247,02","982,62","4116,65","105,31",12555_filter_live_1.pdf,False,0,2,2020-12-19 Lech Poznań 0 - 1 Wisła Kraków,2020/2021,Lis,M.,13,96075388,€ 23.000,€ 500,2021-06-30,Poland,52,62,GK,2020-11-23,14,12,12,6,10,13,11,13,11,16,14,13,11,5,11,11,8,9,10,13,5,12,6,11,10,11,9,11,12,12,17,10,11,8,10,7,3,9
2,2020-08-29,Wisła Kraków 1 - 3 Śląsk Wrocław,Wisła Kraków,Lis M.,96:54,"4890,53","22,72","3,03",2,"0,00","18,37","178,41","824,83","3803,77","65,15",12460_filter_live_1.pdf,False,0,2,2020-08-29 Wisła Kraków 1 - 3 Śląsk Wrocław,2020/2021,Lis,M.,13,96075388,€ 23.000,€ 500,2021-06-30,Poland,52,62,GK,2020-11-23,14,12,12,6,10,13,11,13,11,16,14,13,11,5,11,11,8,9,10,13,5,12,6,11,10,11,9,11,12,12,17,10,11,8,10,7,3,9
3,2021-05-01,Legia Warszawa 0 - 0 Wisła Kraków,Wisła Kraków,Lis M.,93:08,"5059,84","21,38","3,26",0,"0,00","0,00","111,03","870,37","4027,01","42,48",12699_filter_live_1.pdf,False,0,0,2021-05-01 Legia Warszawa 0 - 0 Wisła Kraków,2020/2021,Lis,M.,13,96075388,€ 23.000,€ 500,2021-06-30,Poland,52,62,GK,2020-11-23,14,12,12,6,10,13,11,13,11,16,14,13,11,5,11,11,8,9,10,13,5,12,6,11,10,11,9,11,12,12,17,10,11,8,10,7,3,9
4,2020-10-18,PGE FKS Stal Mielec 0 - 6 Wisła Kraków,Wisła Kraków,Lis M.,90:23,"5328,82","24,00","3,54",4,"0,00","38,03","208,34","993,35","4028,58","60,52",12502_filter_live_1.pdf,False,0,4,2020-10-18 PGE FKS Stal Mielec 0 - 6 Wisła Kraków,2020/2021,Lis,M.,13,96075388,€ 23.000,€ 500,2021-06-30,Poland,52,62,GK,2020-11-23,14,12,12,6,10,13,11,13,11,16,14,13,11,5,11,11,8,9,10,13,5,12,6,11,10,11,9,11,12,12,17,10,11,8,10,7,3,9
5,2021-03-21,Wisła Kraków 3 - 1 PGE FKS Stal Mielec,Wisła Kraków,Lis M.,96:01,"5548,46","25,11","3,47",3,"0,00","41,43","158,87","1098,39","4237,12","12,65",12646_filter_live_1.pdf,False,0,3,2021-03-21 Wisła Kraków 3 - 1 PGE FKS Stal Mielec,2020/2021,Lis,M.,13,96075388,€ 23.000,€ 500,2021-06-30,Poland,52,62,GK,2020-11-23,14,12,12,6,10,13,11,13,11,16,14,13,11,5,11,11,8,9,10,13,5,12,6,11,10,11,9,11,12,12,17,10,11,8,10,7,3,9
6,2020-11-28,Wisła Kraków 1 - 2 KGHM Zagłębie Lubin,Wisła Kraków,Lis M.,94:49,"5175,99","23,97","3,28",3,"0,00","36,78","193,01","1116,25","3792,80","37,15",12534_filter_live_1.pdf,False,0,3,2020-11-28 Wisła Kraków 1 - 2 KGHM Zagłębie Lubin,2020/2021,Lis,M.,13,96075388,€ 23.000,€ 500,2021-06-30,Poland,52,62,GK,2020-11-23,14,12,12,6,10,13,11,13,11,16,14,13,11,5,11,11,8,9,10,13,5,12,6,11,10,11,9,11,12,12,17,10,11,8,10,7,3,9
7,2020-09-13,Pogoń Szczecin 2 - 2 Wisła Kraków,Wisła Kraków,Lis M.,96:45,"4720,19","24,22","2,93",0,"0,00","0,00","135,60","794,58","3674,72","109,74",12468_filter_live_1.pdf,False,0,0,2020-09-13 Pogoń Szczecin 2 - 2 Wisła Kraków,2020/2021,Lis,M.,13,96075388,€ 23.000,€ 500,2021-06-30,Poland,52,62,GK,2020-11-23,14,12,12,6,10,13,11,13,11,16,14,13,11,5,11,11,8,9,10,13,5,12,6,11,10,11,9,11,12,12,17,10,11,8,10,7,3,9
8,2020-11-21,Warta Poznań 2 - 1 Wisła Kraków,Wisła Kraków,Lis M.,94:29,"4924,12","29,01","3,13",2,"0,00","25,61","154,17","793,81","3904,73","45,80",12528_filter_live_1.pdf,False,0,2,2020-11-21 Warta Poznań 2 - 1 Wisła Kraków,2020/2021,Lis,M.,13,96075388,€ 23.000,€ 500,2021-06-30,Poland,52,62,GK,2020-11-23,14,12,12,6,10,13,11,13,11,16,14,13,11,5,11,11,8,9,10,13,5,12,6,11,10,11,9,11,12,12,17,10,11,8,10,7,3,9
9,2021-02-19,Wisła Kraków 2 - 1 Pogoń Szczecin,Wisła Kraków,Lis M.,96:34,"5953,86","19,89","3,70",0,"0,00","0,00","198,65","1268,28","4449,36","37,57",12609_filter_live_1.pdf,False,0,0,2021-02-19 Wisła Kraków 2 - 1 Pogoń Szczecin,2020/2021,Lis,M.,13,96075388,€ 23.000,€ 500,2021-06-30,Poland,52,62,GK,2020-11-23,14,12,12,6,10,13,11,13,11,16,14,13,11,5,11,11,8,9,10,13,5,12,6,11,10,11,9,11,12,12,17,10,11,8,10,7,3,9
10,2020-11-08,Raków Częstochowa 0 - 0 Wisła Kraków,Wisła Kraków,Lis M.,96:54,"1157,01","18,65","0,72",0,"0,00","0,00","41,60","109,55","174,07","831,79",12518_filter_live_1.pdf,False,0,0,2020-11-08 Raków Częstochowa 0 - 0 Wisła Kraków,2020/2021,Lis,M.,13,96075388,€ 23.000,€ 500,2021-06-30,Poland,52,62,GK,2020-11-23,14,12,12,6,10,13,11,13,11,16,14,13,11,5,11,11,8,9,10,13,5,12,6,11,10,11,9,11,12,12,17,10,11,8,10,7,3,9
11,2020-09-18,Wisła Kraków 0 - 3 Wisła Płock,Wisła Kraków,Lis M.,97:32,"3651,32","27,85","2,25",5,"9,50","60,01","101,92","580,53","2634,04","265,32",12479_filter_live_1.pdf,False,1,4,2020-09-18 Wisła Kraków 0 - 3 Wisła Płock,2020/2021,Lis,M.,13,96075388,€ 23.000,€ 500,2021-06-30,Poland,52,62,GK,2020-11-23,14,12,12,6,10,13,11,13,11,16,14,13,11,5,11,11,8,9,10,13,5,12,6,11,10,11,9,11,12,12,17,10,11,8,10,7,3,9
12,2021-02-12,Śląsk Wrocław 1 - 1 Wisła Kraków,Wisła Kraków,Lis M.,95:53,"5750,35","25,08","3,60",7,"0,00","72,64","178,49","1204,76","4146,77","147,69",12600_filter_live_1.pdf,False,0,7,2021-02-12 Śląsk Wrocław 1 - 1 Wisła Kraków,2020/2021,Lis,M.,13,96075388,€ 23.000,€ 500,2021-06-30,Poland,52,62,GK,2020-11-23,14,12,12,6,10,13,11,13,11,16,14,13,11,5,11,11,8,9,10,13,5,12,6,11,10,11,9,11,12,12,17,10,11,8,10,7,3,9
13,2021-04-24,Wisła Kraków 0 - 0 Cracovia,Wisła Kraków,Lis M.,98:25,"5208,93","23,54","3,18",3,"0,00","26,00","169,35","731,23","4246,86","35,49",12692_filter_live_1.pdf,False,0,3,2021-04-24 Wisła Kraków 0 - 0 Cracovia,2020/2021,Lis,M.,13,96075388,€ 23.000,€ 500,2021-06-30,Poland,52,62,GK,2020-11-23,14,12,12,6,10,13,11,13,11,16,14,13,11,5,11,11,8,9,10,13,5,12,6,11,10,11,9,11,12,12,17,10,11,8,10,7,3,9
14,2020-07-18,Wisła Kraków 0 - 1 Arka Gdynia,Wisła Kraków,Lis M.,96:47,"5087,74","23,01","3,15",0,"0,00","0,00","212,29","789,58","4054,76","21,83",12442_filter_live_1.pdf,False,0,0,2020-07-18 Wisła Kraków 0 - 1 Arka Gdynia,2020/2021,Lis,M.,13,96075388,€ 23.000,€ 500,2021-06-30,Poland,52,62,GK,2020-11-23,14,12,12,6,10,13,11,13,11,16,14,13,11,5,11,11,8,9,10,13,5,12,6,11,10,11,9,11,12,12,17,10,11,8,10,7,3,9
15,2020-09-25,Górnik Zabrze 0 - 0 Wisła Kraków,Wisła Kraków,Lis M.,96:39,"5037,67","28,98","3,13",7,"13,37","93,77","181,92","639,76","4081,89","26,96",12482_filter_live_1.pdf,False,1,6,2020-09-25 Górnik Zabrze 0 - 0 Wisła Kraków,2020/2021,Lis,M.,13,96075388,€ 23.000,€ 500,2021-06-30,Poland,52,62,GK,2020-11-23,14,12,12,6,10,13,11,13,11,16,14,13,11,5,11,11,8,9,10,13,5,12,6,11,10,11,9,11,12,12,17,10,11,8,10,7,3,9
16,2020-12-12,Wisła Kraków 1 - 2 Legia Warszawa,Wisła Kraków,Lis M.,95:15,"5425,66","24,67","3,42",5,"0,00","59,96","193,47","984,28","4145,32","42,63",12551_filter_live_1.pdf,False,0,5,2020-12-12 Wisła Kraków 1 - 2 Legia Warszawa,2020/2021,Lis,M.,13,96075388,€ 23.000,€ 500,2021-06-30,Poland,52,62,GK,2020-11-23,14,12,12,6,10,13,11,13,11,16,14,13,11,5,11,11,8,9,10,13,5,12,6,11,10,11,9,11,12,12,17,10,11,8,10,7,3,9
17,2021-03-05,Wisła Kraków 0 - 0 Górnik Zabrze,Wisła Kraków,Lis M.,93:23,"5801,72","26,17","3,73",6,"7,99","50,08","286,95","1498,23","3946,54","11,93",12625_filter_live_1.pdf,False,1,5,2021-03-05 Wisła Kraków 0 - 0 Górnik Zabrze,2020/2021,Lis,M.,13,96075388,€ 23.000,€ 500,2021-06-30,Poland,52,62,GK,2020-11-23,14,12,12,6,10,13,11,13,11,16,14,13,11,5,11,11,8,9,10,13,5,12,6,11,10,11,9,11,12,12,17,10,11,8,10,7,3,9
18,2021-04-17,Wisła Kraków 0 - 1 Warta Poznań,Wisła Kraków,Lis M.,97:45,"5470,94","25,66","3,36",7,"0,00","87,13","239,73","839,96","4263,76","40,36",12676_filter_live_1.pdf,False,0,7,2021-04-17 Wisła Kraków 0 - 1 Warta Poznań,2020/2021,Lis,M.,13,96075388,€ 23.000,€ 500,2021-06-30,Poland,52,62,GK,2020-11-23,14,12,12,6,10,13,11,13,11,16,14,13,11,5,11,11,8,9,10,13,5,12,6,11,10,11,9,11,12,12,17,10,11,8,10,7,3,9
19,2021-03-13,Lechia Gdańsk 2 - 0 Wisła Kraków,Wisła Kraków,Lis M.,96:40,"5844,19","25,30","3,63",6,"0,00","67,00","246,64","1377,91","4132,02","20,62",12635_filter_live_1.pdf,False,0,6,2021-03-13 Lechia Gdańsk 2 - 0 Wisła Kraków,2020/2021,Lis,M.,13,96075388,€ 23.000,€ 500,2021-06-30,Poland,52,62,GK,2020-11-23,14,12,12,6,10,13,11,13,11,16,14,13,11,5,11,11,8,9,10,13,5,12,6,11,10,11,9,11,12,12,17,10,11,8,10,7,3,9
20,2020-07-03,ŁKS Łódź 1 - 2 Wisła Kraków,Wisła Kraków,Lis M.,98:05,"4873,97","21,73","2,98",0,"0,00","0,00","215,90","727,64","3874,89","55,54",12417_filter_live_1.pdf,False,0,0,2020-07-03 ŁKS Łódź 1 - 2 Wisła Kraków,2020/2021,Lis,M.,13,96075388,€ 23.000,€ 500,2021-06-30,Poland,52,62,GK,2020-11-23,14,12,12,6,10,13,11,13,11,16,14,13,11,5,11,11,8,9,10,13,5,12,6,11,10,11,9,11,12,12,17,10,11,8,10,7,3,9
21,2021-02-07,Wisła Kraków 2 - 0 Jagiellonia Białystok,Wisła Kraków,Lis M.,93:12,"5735,29","24,50","3,69",7,"0,00","85,98","339,70","1238,68","4045,98","24,95",12598_filter_live_1.pdf,False,0,7,2021-02-07 Wisła Kraków 2 - 0 Jagiellonia Białystok,2020/2021,Lis,M.,13,96075388,€ 23.000,€ 500,2021-06-30,Poland,52,62,GK,2020-11-23,14,12,12,6,10,13,11,13,11,16,14,13,11,5,11,11,8,9,10,13,5,12,6,11,10,11,9,11,12,12,17,10,11,8,10,7,3,9
22,2021-04-05,Podbeskidzie Bielsko - Biała 2 - 0 Wisła Kraków,Wisła Kraków,Lis M.,95:20,"6026,65","27,71","3,79",21,"38,70","212,55","404,04","1193,64","4109,14","68,58",12653_filter_live_1.pdf,False,3,18,2021-04-05 Podbeskidzie Bielsko - Biała 2 - 0 Wisła Kraków,2020/2021,Lis,M.,13,96075388,€ 23.000,€ 500,2021-06-30,Poland,52,62,GK,2020-11-23,14,12,12,6,10,13,11,13,11,16,14,13,11,5,11,11,8,9,10,13,5,12,6,11,10,11,9,11,12,12,17,10,11,8,10,7,3,9
23,2020-08-24,Jagiellonia Białystok 1 - 1 Wisła Kraków,Wisła Kraków,Lis M.,98:15,"4796,87","25,34","2,93",3,"0,00","42,13","132,83","678,89","3788,78","154,24",12456_filter_live_1.pdf,False,0,3,2020-08-24 Jagiellonia Białystok 1 - 1 Wisła Kraków,2020/2021,Lis,M.,13,96075388,€ 23.000,€ 500,2021-06-30,Poland,52,62,GK,2020-11-23,14,12,12,6,10,13,11,13,11,16,14,13,11,5,11,11,8,9,10,13,5,12,6,11,10,11,9,11,12,12,17,10,11,8,10,7,3,9
24,2021-04-21,KGHM Zagłębie Lubin 4 - 1 Wisła Kraków,Wisła Kraków,Lis M.,96:16,"5247,69","29,29","3,27",4,"23,51","20,73","208,91","661,84","4282,80","49,90",12685_filter_live_1.pdf,False,1,3,2021-04-21 KGHM Zagłębie Lubin 4 - 1 Wisła Kraków,2020/2021,Lis,M.,13,96075388,€ 23.000,€ 500,2021-06-30,Poland,52,62,GK,2020-11-23,14,12,12,6,10,13,11,13,11,16,14,13,11,5,11,11,8,9,10,13,5,12,6,11,10,11,9,11,12,12,17,10,11,8,10,7,3,9
25,2021-02-28,Wisła Płock 1 - 3 Wisła Kraków,Wisła Kraków,Lis M.,99:14,"6026,42","23,42","3,64",5,"0,00","93,00","255,17","1420,11","4227,23","30,91",12623_filter_live_1.pdf,False,0,5,2021-02-28 Wisła Płock 1 - 3 Wisła Kraków,2020/2021,Lis,M.,13,96075388,€ 23.000,€ 500,2021-06-30,Poland,52,62,GK,2020-11-23,14,12,12,6,10,13,11,13,11,16,14,13,11,5,11,11,8,9,10,13,5,12,6,11,10,11,9,11,12,12,17,10,11,8,10,7,3,9
26,2020-12-04,Cracovia 1 - 1 Wisła Kraków,Wisła Kraków,Lis M.,103:28,"5935,52","26,36","3,44",4,"0,00","43,13","297,24","1018,42","4523,08","53,65",12537_filter_live_1.pdf,False,0,4,2020-12-04 Cracovia 1 - 1 Wisła Kraków,2020/2021,Lis,M.,13,96075388,€ 23.000,€ 500,2021-06-30,Poland,52,62,GK,2020-11-23,14,12,12,6,10,13,11,13,11,16,14,13,11,5,11,11,8,9,10,13,5,12,6,11,10,11,9,11,12,12,17,10,11,8,10,7,3,9
27,2021-05-08,Wisła Kraków 1 - 2 Lech Poznań,Wisła Kraków,Lis M.,96:01,"5279,37","23,52","3,30",4,"0,00","46,92","243,43","1011,45","3915,45","62,12",12710_filter_live_1.pdf,False,0,4,2021-05-08 Wisła Kraków 1 - 2 Lech Poznań,2020/2021,Lis,M.,13,96075388,€ 23.000,€ 500,2021-06-30,Poland,52,62,GK,2020-11-23,14,12,12,6,10,13,11,13,11,16,14,13,11,5,11,11,8,9,10,13,5,12,6,11,10,11,9,11,12,12,17,10,11,8,10,7,3,9
28,2021-04-09,Wisła Kraków 1 - 2 Raków Częstochowa,Wisła Kraków,Lis M.,94:16,"5756,49","26,92","3,66",9,"22,10","95,70","284,69","1150,53","4154,72","48,75",12657_filter_live_1.pdf,False,1,8,2021-04-09 Wisła Kraków 1 - 2 Raków Częstochowa,2020/2021,Lis,M.,13,96075388,€ 23.000,€ 500,2021-06-30,Poland,52,62,GK,2020-11-23,14,12,12,6,10,13,11,13,11,16,14,13,11,5,11,11,8,9,10,13,5,12,6,11,10,11,9,11,12,12,17,10,11,8,10,7,3,9
29,2020-07-14,KGHM Zagłębie Lubin 3 - 1 Wisła Kraków,Wisła Kraków,Lis M.,94:21,"5123,74","24,70","3,26",3,"0,00","41,42","255,00","1121,25","3680,05","26,02",12434_filter_live_1.pdf,False,0,3,2020-07-14 KGHM Zagłębie Lubin 3 - 1 Wisła Kraków,2020/2021,Lis,M.,13,96075388,€ 23.000,€ 500,2021-06-30,Poland,52,62,GK,2020-11-23,14,12,12,6,10,13,11,13,11,16,14,13,11,5,11,11,8,9,10,13,5,12,6,11,10,11,9,11,12,12,17,10,11,8,10,7,3,9
30,2021-03-13,Legia Warszawa 3 - 2 Warta Poznań,Legia Warszawa,Boruc A.,94:15,"4174,63","21,82","2,66",2,"0,00","18,04","39,25","414,05","3684,54","18,75",12636_filter_live_1.pdf,False,0,2,2021-03-13 Legia Warszawa 3 - 2 Warta Poznań,2020/2021,Boruc,A.,7,713854,€ 26.000,€ 4.500,2021-06-30,Poland,61,70,GK,2020-11-23,14,15,16,13,7,14,10,15,12,11,15,16,15,12,14,13,14,9,11,17,3,11,8,14,11,8,9,6,13,10,15,10,6,8,15,6,5,11
31,2021-02-06,Legia Warszawa 2 - 0 Raków Częstochowa,Legia Warszawa,Boruc A.,96:57,"4479,28","20,95","2,77",0,"0,00","0,00","34,49","594,91","3839,35","10,53",12596_filter_live_1.pdf,False,0,0,2021-02-06 Legia Warszawa 2 - 0 Raków Częstochowa,2020/2021,Boruc,A.,7,713854,€ 26.000,€ 4.500,2021-06-30,Poland,61,70,GK,2020-11-23,14,15,16,13,7,14,10,15,12,11,15,16,15,12,14,13,14,9,11,17,3,11,8,14,11,8,9,6,13,10,15,10,6,8,15,6,5,11
32,2020-11-02,Warta Poznań 0 - 3 Legia Warszawa,Legia Warszawa,Boruc A.,45:10,"2202,71","23,85","2,93",0,"0,00","0,00","44,30","269,01","1883,66","5,74",12495_filter_live_1.pdf,False,0,0,2020-11-02 Warta Poznań 0 - 3 Legia Warszawa,2020/2021,Boruc,A.,7,713854,€ 26.000,€ 4.500,2021-06-30,Poland,61,70,GK,2020-11-23,14,15,16,13,7,14,10,15,12,11,15,16,15,12,14,13,14,9,11,17,3,11,8,14,11,8,9,6,13,10,15,10,6,8,15,6,5,11
33,2021-01-31,Podbeskidzie Bielsko - Biała 1 - 0 Legia Warszawa,Legia Warszawa,Boruc A.,95:13,"4782,35","22,14","3,01",2,"0,00","14,78","90,55","755,56","3875,43","46,03",12564_filter_live_1.pdf,False,0,2,2021-01-31 Podbeskidzie Bielsko - Biała 1 - 0 Legia Warszawa,2020/2021,Boruc,A.,7,713854,€ 26.000,€ 4.500,2021-06-30,Poland,61,70,GK,2020-11-23,14,15,16,13,7,14,10,15,12,11,15,16,15,12,14,13,14,9,11,17,3,11,8,14,11,8,9,6,13,10,15,10,6,8,15,6,5,11
34,2021-04-11,Lech Poznań 0 - 0 Legia Warszawa,Legia Warszawa,Boruc A.,94:15,"3861,18","18,74","2,46",0,"0,00","0,00","65,17","449,83","3325,18","21,00",12662_filter_live_1.pdf,False,0,0,2021-04-11 Lech Poznań 0 - 0 Legia Warszawa,2020/2021,Boruc,A.,7,713854,€ 26.000,€ 4.500,2021-06-30,Poland,61,70,GK,2020-11-23,14,15,16,13,7,14,10,15,12,11,15,16,15,12,14,13,14,9,11,17,3,11,8,14,11,8,9,6,13,10,15,10,6,8,15,6,5,11
35,2020-09-11,Wisła Płock 0 - 1 Legia Warszawa,Legia Warszawa,Boruc A.,95:59,"3744,27","18,48","2,34",0,"0,00","0,00","18,55","532,01","3153,63","40,08",12470_filter_live_1.pdf,False,0,0,2020-09-11 Wisła Płock 0 - 1 Legia Warszawa,2020/2021,Boruc,A.,7,713854,€ 26.000,€ 4.500,2021-06-30,Poland,61,70,GK,2020-11-23,14,15,16,13,7,14,10,15,12,11,15,16,15,12,14,13,14,9,11,17,3,11,8,14,11,8,9,6,13,10,15,10,6,8,15,6,5,11
36,2020-12-18,Legia Warszawa 2 - 3 PGE FKS Stal Mielec,Legia Warszawa,Boruc A.,96:48,"4069,65","18,14","2,52",0,"0,00","0,00","41,56","493,19","3512,79","22,11",12556_filter_live_1.pdf,False,0,0,2020-12-18 Legia Warszawa 2 - 3 PGE FKS Stal Mielec,2020/2021,Boruc,A.,7,713854,€ 26.000,€ 4.500,2021-06-30,Poland,61,70,GK,2020-11-23,14,15,16,13,7,14,10,15,12,11,15,16,15,12,14,13,14,9,11,17,3,11,8,14,11,8,9,6,13,10,15,10,6,8,15,6,5,11
37,2020-09-19,Legia Warszawa 1 - 3 Górnik Zabrze,Legia Warszawa,Boruc A.,96:18,"4343,77","16,24","2,69",0,"0,00","0,00","17,36","637,85","3675,38","13,18",12475_filter_live_1.pdf,False,0,0,2020-09-19 Legia Warszawa 1 - 3 Górnik Zabrze,2020/2021,Boruc,A.,7,713854,€ 26.000,€ 4.500,2021-06-30,Poland,61,70,GK,2020-11-23,14,15,16,13,7,14,10,15,12,11,15,16,15,12,14,13,14,9,11,17,3,11,8,14,11,8,9,6,13,10,15,10,6,8,15,6,5,11
38,2020-10-21,Legia Warszawa 2 - 1 Śląsk Wrocław,Legia Warszawa,Boruc A.,95:26,"4477,25","22,13","2,81",0,"0,00","0,00","37,84","614,87","3786,27","26,92",12488_filter_live_1.pdf,False,0,0,2020-10-21 Legia Warszawa 2 - 1 Śląsk Wrocław,2020/2021,Boruc,A.,7,713854,€ 26.000,€ 4.500,2021-06-30,Poland,61,70,GK,2020-11-23,14,15,16,13,7,14,10,15,12,11,15,16,15,12,14,13,14,9,11,17,3,11,8,14,11,8,9,6,13,10,15,10,6,8,15,6,5,11
39,2021-03-21,KGHM Zagłębie Lubin 0 - 4 Legia Warszawa,Legia Warszawa,Boruc A.,93:07,"4096,76","21,75","2,64",0,"0,00","0,00","22,55","578,39","3468,37","19,79",12647_filter_live_1.pdf,False,0,0,2021-03-21 KGHM Zagłębie Lubin 0 - 4 Legia Warszawa,2020/2021,Boruc,A.,7,713854,€ 26.000,€ 4.500,2021-06-30,Poland,61,70,GK,2020-11-23,14,15,16,13,7,14,10,15,12,11,15,16,15,12,14,13,14,9,11,17,3,11,8,14,11,8,9,6,13,10,15,10,6,8,15,6,5,11
40,2021-02-27,Górnik Zabrze 1 - 2 Legia Warszawa,Legia Warszawa,Boruc A.,101:24,"4523,43","18,99","2,68",0,"0,00","0,00","26,19","678,42","3782,99","35,83",12620_filter_live_1.pdf,False,0,0,2021-02-27 Górnik Zabrze 1 - 2 Legia Warszawa,2020/2021,Boruc,A.,7,713854,€ 26.000,€ 4.500,2021-06-30,Poland,61,70,GK,2020-11-23,14,15,16,13,7,14,10,15,12,11,15,16,15,12,14,13,14,9,11,17,3,11,8,14,11,8,9,6,13,10,15,10,6,8,15,6,5,11
41,2020-11-08,Legia Warszawa 2 - 1 Lech Poznań,Legia Warszawa,Boruc A.,94:43,"4526,70","20,75","2,87",0,"0,00","0,00","85,52","823,99","3604,96","12,23",12516_filter_live_1.pdf,False,0,0,2020-11-08 Legia Warszawa 2 - 1 Lech Poznań,2020/2021,Boruc,A.,7,713854,€ 26.000,€ 4.500,2021-06-30,Poland,61,70,GK,2020-11-23,14,15,16,13,7,14,10,15,12,11,15,16,15,12,14,13,14,9,11,17,3,11,8,14,11,8,9,6,13,10,15,10,6,8,15,6,5,11
42,2021-04-21,Piast Gliwice 0 - 1 Legia Warszawa,Legia Warszawa,Boruc A.,93:16,"3869,33","19,70","2,49",0,"0,00","0,00","67,07","492,97","3294,23","15,06",12687_filter_live_1.pdf,False,0,0,2021-04-21 Piast Gliwice 0 - 1 Legia Warszawa,2020/2021,Boruc,A.,7,713854,€ 26.000,€ 4.500,2021-06-30,Poland,61,70,GK,2020-11-23,14,15,16,13,7,14,10,15,12,11,15,16,15,12,14,13,14,9,11,17,3,11,8,14,11,8,9,6,13,10,15,10,6,8,15,6,5,11
43,2020-10-18,Legia Warszawa 2 - 1 KGHM Zagłębie Lubin,Legia Warszawa,Boruc A.,93:11,"4101,04","20,51","2,64",0,"0,00","0,00","106,42","415,50","3559,37","19,75",12501_filter_live_1.pdf,False,0,0,2020-10-18 Legia Warszawa 2 - 1 KGHM Zagłębie Lubin,2020/2021,Boruc,A.,7,713854,€ 26.000,€ 4.500,2021-06-30,Poland,61,70,GK,2020-11-23,14,15,16,13,7,14,10,15,12,11,15,16,15,12,14,13,14,9,11,17,3,11,8,14,11,8,9,6,13,10,15,10,6,8,15,6,5,11
44,2020-12-12,Wisła Kraków 1 - 2 Legia Warszawa,Legia Warszawa,Boruc A.,95:15,"4255,13","20,29","2,68",0,"0,00","0,00","64,62","652,02","3501,19","37,30",12551_filter_live_1.pdf,False,0,0,2020-12-12 Wisła Kraków 1 - 2 Legia Warszawa,2020/2021,Boruc,A.,7,713854,€ 26.000,€ 4.500,2021-06-30,Poland,61,70,GK,2020-11-23,14,15,16,13,7,14,10,15,12,11,15,16,15,12,14,13,14,9,11,17,3,11,8,14,11,8,9,6,13,10,15,10,6,8,15,6,5,11
45,2020-08-29,Legia Warszawa 1 - 2 Jagiellonia Białystok,Legia Warszawa,Boruc A.,100:50,"3617,49","22,95","2,15",0,"0,00","0,00","58,40","497,94","2340,92","713,39",12461_filter_live_1.pdf,False,0,0,2020-08-29 Legia Warszawa 1 - 2 Jagiellonia Białystok,2020/2021,Boruc,A.,7,713854,€ 26.000,€ 4.500,2021-06-30,Poland,61,70,GK,2020-11-23,14,15,16,13,7,14,10,15,12,11,15,16,15,12,14,13,14,9,11,17,3,11,8,14,11,8,9,6,13,10,15,10,6,8,15,6,5,11
46,2020-11-29,Legia Warszawa 2 - 2 Piast Gliwice,Legia Warszawa,Boruc A.,97:13,"3988,99","19,09","2,46",0,"0,00","0,00","28,82","508,91","3436,19","15,07",12531_filter_live_1.pdf,False,0,0,2020-11-29 Legia Warszawa 2 - 2 Piast Gliwice,2020/2021,Boruc,A.,7,713854,€ 26.000,€ 4.500,2021-06-30,Poland,61,70,GK,2020-11-23,14,15,16,13,7,14,10,15,12,11,15,16,15,12,14,13,14,9,11,17,3,11,8,14,11,8,9,6,13,10,15,10,6,8,15,6,5,11
47,2020-12-05,Legia Warszawa 2 - 0 Lechia Gdańsk,Legia Warszawa,Boruc A.,96:39,"3976,31","23,38","2,47",0,"0,00","0,00","60,21","555,71","3334,00","14,48",12539_filter_live_1.pdf,False,0,0,2020-12-05 Legia Warszawa 2 - 0 Lechia Gdańsk,2020/2021,Boruc,A.,7,713854,€ 26.000,€ 4.500,2021-06-30,Poland,61,70,GK,2020-11-23,14,15,16,13,7,14,10,15,12,11,15,16,15,12,14,13,14,9,11,17,3,11,8,14,11,8,9,6,13,10,15,10,6,8,15,6,5,11
48,2021-04-25,Lechia Gdańsk 0 - 1 Legia Warszawa,Legia Warszawa,Boruc A.,96:52,"4143,62","20,38","2,57",0,"0,00","0,00","62,59","571,17","3482,38","27,48",12695_filter_live_1.pdf,False,0,0,2021-04-25 Lechia Gdańsk 0 - 1 Legia Warszawa,2020/2021,Boruc,A.,7,713854,€ 26.000,€ 4.500,2021-06-30,Poland,61,70,GK,2020-11-23,14,15,16,13,7,14,10,15,12,11,15,16,15,12,14,13,14,9,11,17,3,11,8,14,11,8,9,6,13,10,15,10,6,8,15,6,5,11
49,2021-03-07,Śląsk Wrocław 0 - 1 Legia Warszawa,Legia Warszawa,Boruc A.,97:30,"4251,43","20,25","2,61",0,"0,00","0,00","61,35","380,66","3772,87","36,55",12624_filter_live_1.pdf,False,0,0,2021-03-07 Śląsk Wrocław 0 - 1 Legia Warszawa,2020/2021,Boruc,A.,7,713854,€ 26.000,€ 4.500,2021-06-30,Poland,61,70,GK,2020-11-23,14,15,16,13,7,14,10,15,12,11,15,16,15,12,14,13,14,9,11,17,3,11,8,14,11,8,9,6,13,10,15,10,6,8,15,6,5,11
50,2021-04-18,Legia Warszawa 0 - 0 Cracovia,Legia Warszawa,Boruc A.,95:14,"3729,17","24,00","2,35",3,"0,00","41,32","110,79","598,13","2931,80","47,13",12679_filter_live_1.pdf,False,0,3,2021-04-18 Legia Warszawa 0 - 0 Cracovia,2020/2021,Boruc,A.,7,713854,€ 26.000,€ 4.500,2021-06-30,Poland,61,70,GK,2020-11-23,14,15,16,13,7,14,10,15,12,11,15,16,15,12,14,13,14,9,11,17,3,11,8,14,11,8,9,6,13,10,15,10,6,8,15,6,5,11
51,2020-10-24,Pogoń Szczecin 0 - 0 Legia Warszawa,Legia Warszawa,Boruc A.,98:30,"4553,94","23,08","2,77",0,"0,00","0,00","78,58","652,33","3775,50","35,61",12508_filter_live_1.pdf,False,0,0,2020-10-24 Pogoń Szczecin 0 - 0 Legia Warszawa,2020/2021,Boruc,A.,7,713854,€ 26.000,€ 4.500,2021-06-30,Poland,61,70,GK,2020-11-23,14,15,16,13,7,14,10,15,12,11,15,16,15,12,14,13,14,9,11,17,3,11,8,14,11,8,9,6,13,10,15,10,6,8,15,6,5,11
52,2020-08-22,Raków Częstochowa 1 - 2 Legia Warszawa,Legia Warszawa,Boruc A.,99:08,"4205,41","25,32","2,55",3,"0,00","34,03","60,73","701,40","3302,12","107,13",12452_filter_live_1.pdf,False,0,3,2020-08-22 Raków Częstochowa 1 - 2 Legia Warszawa,2020/2021,Boruc,A.,7,713854,€ 26.000,€ 4.500,2021-06-30,Poland,61,70,GK,2020-11-23,14,15,16,13,7,14,10,15,12,11,15,16,15,12,14,13,14,9,11,17,3,11,8,14,11,8,9,6,13,10,15,10,6,8,15,6,5,11
53,2021-04-03,Legia Warszawa 4 - 2 Pogoń Szczecin,Legia Warszawa,Boruc A.,95:19,"3896,66","21,87","2,45",0,"0,00","0,00","69,21","374,33","3431,34","21,78",12650_filter_live_1.pdf,False,0,0,2021-04-03 Legia Warszawa 4 - 2 Pogoń Szczecin,2020/2021,Boruc,A.,7,713854,€ 26.000,€ 4.500,2021-06-30,Poland,61,70,GK,2020-11-23,14,15,16,13,7,14,10,15,12,11,15,16,15,12,14,13,14,9,11,17,3,11,8,14,11,8,9,6,13,10,15,10,6,8,15,6,5,11
54,2020-09-11,Jagiellonia Białystok 2 - 2 Podbeskidzie Bielsko - Biała,Jagiellonia Białystok,Steinbors P.,98:23,"4494,39","21,84","2,74",0,"0,00","0,00","91,08","859,34","3508,54","21,73",12467_filter_live_1.pdf,False,0,0,2020-09-11 Jagiellonia Białystok 2 - 2 Podbeskidzie Bielsko - Biała,2020/2021,Steinbors,P.,9,8404400,€ 48.500,€ 2.300,2022-06-30,Latvia,56,57,GK,2020-11-23,14,12,11,4,4,14,10,12,13,8,16,12,11,8,11,11,9,10,12,11,2,10,2,12,10,10,11,8,12,11,15,13,8,10,13,6,2,4
55,2020-12-05,Jagiellonia Białystok 4 - 3 Warta Poznań,Jagiellonia Białystok,Steinbors P.,96:45,"4426,80","20,53","2,75",0,"0,00","0,00","78,50","749,46","3518,81","72,81",12544_filter_live_1.pdf,False,0,0,2020-12-05 Jagiellonia Białystok 4 - 3 Warta Poznań,2020/2021,Steinbors,P.,9,8404400,€ 48.500,€ 2.300,2022-06-30,Latvia,56,57,GK,2020-11-23,14,12,11,4,4,14,10,12,13,8,16,12,11,8,11,11,9,10,12,11,2,10,2,12,10,10,11,8,12,11,15,13,8,10,13,6,2,4
56,2020-10-17,Jagiellonia Białystok 2 - 1 Lech Poznań,Jagiellonia Białystok,Steinbors P.,97:18,"4421,17","21,88","2,73",0,"0,00","0,00","70,44","913,93","3390,12","39,09",12499_filter_live_1.pdf,False,0,0,2020-10-17 Jagiellonia Białystok 2 - 1 Lech Poznań,2020/2021,Steinbors,P.,9,8404400,€ 48.500,€ 2.300,2022-06-30,Latvia,56,57,GK,2020-11-23,14,12,11,4,4,14,10,12,13,8,16,12,11,8,11,11,9,10,12,11,2,10,2,12,10,10,11,8,12,11,15,13,8,10,13,6,2,4
57,2021-04-25,Warta Poznań 2 - 0 Jagiellonia Białystok,Jagiellonia Białystok,Steinbors P.,95:17,"4234,98","28,88","2,67",0,"0,00","0,00","125,46","781,70","3170,08","152,12",12693_filter_live_1.pdf,False,0,0,2021-04-25 Warta Poznań 2 - 0 Jagiellonia Białystok,2020/2021,Steinbors,P.,9,8404400,€ 48.500,€ 2.300,2022-06-30,Latvia,56,57,GK,2020-11-23,14,12,11,4,4,14,10,12,13,8,16,12,11,8,11,11,9,10,12,11,2,10,2,12,10,10,11,8,12,11,15,13,8,10,13,6,2,4
58,2020-08-29,Legia Warszawa 1 - 2 Jagiellonia Białystok,Jagiellonia Białystok,Steinbors P.,100:50,"4030,71","22,41","2,40",0,"0,00","0,00","38,30","545,36","2997,44","441,82",12461_filter_live_1.pdf,False,0,0,2020-08-29 Legia Warszawa 1 - 2 Jagiellonia Białystok,2020/2021,Steinbors,P.,9,8404400,€ 48.500,€ 2.300,2022-06-30,Latvia,56,57,GK,2020-11-23,14,12,11,4,4,14,10,12,13,8,16,12,11,8,11,11,9,10,12,11,2,10,2,12,10,10,11,8,12,11,15,13,8,10,13,6,2,4
59,2020-08-24,Jagiellonia Białystok 1 - 1 Wisła Kraków,Jagiellonia Białystok,Steinbors P.,98:15,"4022,00","22,75","2,46",2,"0,00","25,55","48,30","590,51","3285,81","71,83",12456_filter_live_1.pdf,False,0,2,2020-08-24 Jagiellonia Białystok 1 - 1 Wisła Kraków,2020/2021,Steinbors,P.,9,8404400,€ 48.500,€ 2.300,2022-06-30,Latvia,56,57,GK,2020-11-23,14,12,11,4,4,14,10,12,13,8,16,12,11,8,11,11,9,10,12,11,2,10,2,12,10,10,11,8,12,11,15,13,8,10,13,6,2,4
60,2020-09-21,Piast Gliwice 0 - 1 Jagiellonia Białystok,Jagiellonia Białystok,Steinbors P.,94:42,"4238,79","21,28","2,69",0,"0,00","0,00","96,14","731,09","3350,26","55,54",12476_filter_live_1.pdf,False,0,0,2020-09-21 Piast Gliwice 0 - 1 Jagiellonia Białystok,2020/2021,Steinbors,P.,9,8404400,€ 48.500,€ 2.300,2022-06-30,Latvia,56,57,GK,2020-11-23,14,12,11,4,4,14,10,12,13,8,16,12,11,8,11,11,9,10,12,11,2,10,2,12,10,10,11,8,12,11,15,13,8,10,13,6,2,4
61,2021-04-28,Jagiellonia Białystok 0 - 0 Raków Częstochowa,Jagiellonia Białystok,Steinbors P.,39:49,"1852,28","22,54","2,79",0,"0,00","0,00","44,57","395,58","1381,92","23,51",12697_filter_live_1.pdf,False,0,0,2021-04-28 Jagiellonia Białystok 0 - 0 Raków Częstochowa,2020/2021,Steinbors,P.,9,8404400,€ 48.500,€ 2.300,2022-06-30,Latvia,56,57,GK,2020-11-23,14,12,11,4,4,14,10,12,13,8,16,12,11,8,11,11,9,10,12,11,2,10,2,12,10,10,11,8,12,11,15,13,8,10,13,6,2,4
62,2020-12-13,Raków Częstochowa 3 - 2 Jagiellonia Białystok,Jagiellonia Białystok,Steinbors P.,101:55,"4454,02","27,20","2,62",2,"0,00","15,92","127,81","787,17","3433,55","89,57",12549_filter_live_1.pdf,False,0,2,2020-12-13 Raków Częstochowa 3 - 2 Jagiellonia Białystok,2020/2021,Steinbors,P.,9,8404400,€ 48.500,€ 2.300,2022-06-30,Latvia,56,57,GK,2020-11-23,14,12,11,4,4,14,10,12,13,8,16,12,11,8,11,11,9,10,12,11,2,10,2,12,10,10,11,8,12,11,15,13,8,10,13,6,2,4
63,2020-09-26,Jagiellonia Białystok 0 - 1 KGHM Zagłębie Lubin,Jagiellonia Białystok,Steinbors P.,98:24,"4565,53","19,94","2,78",0,"0,00","0,00","114,98","941,18","3456,63","52,74",12485_filter_live_1.pdf,False,0,0,2020-09-26 Jagiellonia Białystok 0 - 1 KGHM Zagłębie Lubin,2020/2021,Steinbors,P.,9,8404400,€ 48.500,€ 2.300,2022-06-30,Latvia,56,57,GK,2020-11-23,14,12,11,4,4,14,10,12,13,8,16,12,11,8,11,11,9,10,12,11,2,10,2,12,10,10,11,8,12,11,15,13,8,10,13,6,2,4
